Empresa,Tipo,Anio,Mes,NumTrabajadores,HHT,DP,NM,FAI,MTI,MWD,LTI,Fatalidad,DiasIncapAT,Cargados,CasosEG,IncapacidadEG,CasosEL
Brillaseo,Contratista,2024,1,15,2718,0,0,0,0,0,0,0,0,0,0,0,0
Climafrio,Contratista,2024,1,9,354,0,0,0,0,0,0,0,0,0,0,0,0
Compañia de Seguros Bolivar,Contratista,2024,1,1,141,0,0,0,0,0,0,0,0,0,0,0,0
Derco,Contratista,2024,1,2,94,0,0,0,0,0,0,0,0,0,0,0,0
Egv Gropu,Contratista,2024,1,11,596,0,0,0,0,0,0,0,0,0,0,0,0
Energia y maquinado,Contratista,2024,1,6,12,0,0,0,0,0,0,0,0,0,0,0,0
Greofuturo,Contratista,2024,1,6,594,0,0,0,0,0,0,0,0,0,0,0,0
Lnequipos,Contratista,2024,1,1,2,0,0,0,0,0,0,0,0,0,0,0,0
Maxitempo,Contratista,2024,1,25,6000,0,0,0,0,0,0,0,3,0,0,0,0
Msc Colombia,Contratista,2024,1,1,262,0,0,0,0,0,0,0,0,0,0,0,0
Nelec,Contratista,2024,1,18,2615,0,0,0,0,0,1,0,4,0,0,0,0
Premac,Contratista,2024,1,1,2,0,0,0,0,0,0,0,0,0,0,0,0
Proelect,Contratista,2024,1,6,337,0,0,0,0,0,0,0,0,0,0,0,0
QuironPrevencion,Contratista,2024,1,1,75,0,0,0,0,0,0,0,0,0,0,0,0
Ramirez Y Serna RYS,Contratista,2024,1,4,139,0,0,0,0,0,0,0,0,0,0,0,0
RR Mantenimiento,Contratista,2024,1,16,3041,0,0,0,0,0,0,0,0,0,0,0,0
Sapore,Contratista,2024,1,11,1554,0,0,0,0,0,0,0,0,0,0,0,0
Seguridad Andina,Contratista,2024,1,20,3558,0,0,0,0,0,0,0,0,0,0,0,0
Servicio Tecnico Inkjet,Contratista,2024,1,1,70,0,0,0,0,0,0,0,0,0,0,0,0
Servicios integrales energeticos Seiner,Contratista,2024,1,1,3,0,0,0,0,0,0,0,0,0,0,0,0
Servicios tecnicos de equipos y maquinaria,Contratista,2024,1,4,215,0,0,0,0,0,0,0,0,0,0,0,0
Supply Logistc,Contratista,2024,1,40,8162,0,0,0,0,0,0,0,0,0,0,0,0
TNS Ingenieria,Contratista,2024,1,8,150,0,0,0,0,0,0,0,0,0,0,0,0
Automatizacion y Peso,Contratista,2024,2,3,15,1,0,0,0,0,0,0,0,0,0,0,0
Bandas Servicios y Mangueras de la costa,Contratista,2024,2,4,71,0,0,0,0,0,0,0,0,0,0,0,0
Brillaseo,Contratista,2024,2,15,2469,0,0,0,0,0,0,0,0,0,0,0,0
Carpas IKL,Contratista,2024,2,3,35,0,0,0,0,0,0,0,0,0,0,0,0
Clima Frio,Contratista,2024,2,5,136,0,0,0,0,0,0,0,0,0,0,0,0
Compañia de Seguros Bolivar,Contratista,2024,2,1,156,0,0,0,0,0,0,0,0,0,0,0,0
Derco,Contratista,2024,2,3,28,0,0,0,0,0,0,0,0,0,0,0,0
Egv Gropu,Contratista,2024,2,10,612,0,0,0,0,0,0,0,0,0,0,0,0
Energia y Maquinado,Contratista,2024,2,7,218,0,0,0,0,0,0,0,0,0,0,0,0
Equiservicios de la costa,Contratista,2024,2,1,20,0,0,0,0,0,0,0,0,0,0,0,0
Geincor,Contratista,2024,2,3,53,0,0,0,0,0,0,0,0,0,0,0,0
Gemlsa,Contratista,2024,2,1,31,0,0,0,0,0,0,0,0,0,0,0,0
Geofuturo,Contratista,2024,2,5,527,0,0,0,0,0,0,0,0,0,0,0,0
Importacion Tecnica de Estudio,Contratista,2024,2,5,33,0,0,0,0,0,0,0,0,0,0,0,0
Keiser Comprensores,Contratista,2024,2,1,33,0,0,0,0,0,0,0,0,0,0,0,0
Luxem de Colombia,Contratista,2024,2,1,11,0,0,0,0,0,0,0,0,0,0,0,0
Mcs Colombia,Contratista,2024,2,1,158,0,0,0,0,0,0,0,0,0,0,0,0
Maxitempo,Contratista,2024,2,23,5336,0,0,0,0,0,1,0,2,0,0,0,0
Nelec,Contratista,2024,2,18,2942,0,0,0,0,0,0,0,0,0,0,0,0
Neumatica del Caribe,Contratista,2024,2,1,26,0,0,0,0,0,0,0,0,0,0,0,0
Premac,Contratista,2024,2,2,24,0,0,0,0,0,0,0,0,0,0,0,0
Proelect,Contratista,2024,2,6,621,0,0,0,0,0,0,0,0,0,0,0,0
Quironprevencion,Contratista,2024,2,1,158,0,0,0,0,0,0,0,0,0,0,0,0
Ramirez Y Serna RYS,Contratista,2024,2,8,340,0,0,0,0,0,0,0,0,0,0,0,0
RR Mantenimiento,Contratista,2024,2,17,2670,0,0,0,0,0,0,0,0,0,0,0,0
Sapore,Contratista,2024,2,12,1657,0,0,0,0,0,0,0,0,0,0,0,0
Seguridad Andina,Contratista,2024,2,22,4250,0,0,0,0,0,0,0,0,0,0,0,0
Servicio Tecnico Inkjet,Contratista,2024,2,1,1,0,0,0,0,0,0,0,0,0,0,0,0
Servicio Tecnico de equipo y maquinaria PE,Contratista,2024,2,3,180,0,0,0,0,0,0,0,0,0,0,0,0
Soluciones Energeticas y Constructivas,Contratista,2024,2,1,9,0,0,0,0,0,0,0,0,0,0,0,0
Supply Logistc,Contratista,2024,2,45,7072,0,0,0,0,0,0,0,0,0,1,2,0
TNS Ingenieria,Contratista,2024,2,10,478,0,0,0,0,0,0,0,0,0,0,0,0
Vppl,Contratista,2024,2,4,102,0,0,0,0,0,0,0,0,0,0,0,0
Acp y Cia Ltda,Contratista,2024,3,3,17,0,0,0,0,0,0,0,0,0,0,0,0
Atlas Cop,Contratista,2024,3,1,3,0,0,0,0,0,0,0,0,0,0,0,0
Automatizacion y Peso,Contratista,2024,3,2,15,0,0,0,0,0,0,0,0,0,0,0,0
Bandas Servicios y Mangueras de la costa,Contratista,2024,3,4,268,0,0,0,0,0,0,0,0,0,0,0,0
Brillaseo,Contratista,2024,3,17,8523,0,0,0,0,0,0,0,0,0,0,0,0
Carpas IKL,Contratista,2024,3,3,70,0,0,0,0,0,0,0,0,0,0,0,0
Clima Frio,Contratista,2024,3,11,641,0,1,0,0,0,0,0,0,0,0,0,0
Cmp Multiproyectos,Contratista,2024,3,4,54,0,0,0,0,0,0,0,0,0,0,0,0
Compañia de Seguros Bolivar,Contratista,2024,3,1,470,0,0,0,0,0,0,0,0,0,0,0,0
Derco,Contratista,2024,3,2,121,0,0,0,0,0,0,0,0,0,0,0,0
Egv Gropu,Contratista,2024,3,14,1737,0,0,0,0,0,0,0,0,0,0,0,0
Dps,Contratista,2024,3,14,266,0,0,0,0,0,0,0,0,0,0,0,0
Energia y Maquinado,Contratista,2024,3,14,370,0,0,0,0,0,0,0,0,0,0,0,0
Equiservicios de la costa,Contratista,2024,3,1,83,0,0,0,0,0,0,0,0,0,0,0,0
Geincor,Contratista,2024,3,3,52,0,0,0,0,0,0,0,0,0,0,0,0
Gemlsa,Contratista,2024,3,1,30,0,0,0,0,0,0,0,0,0,0,0,0
Geofuturo,Contratista,2024,3,6,1769,0,0,0,0,0,0,0,0,0,0,0,0
Gruas y equipos del Norte,Contratista,2024,3,1,13,0,0,0,0,0,0,0,0,0,0,0,0
Importacion Tecnica de Estudio,Contratista,2024,3,8,215,0,0,0,0,0,0,0,0,0,0,0,0
Industria y tecnologia System,Contratista,2024,3,1,16,0,0,0,0,0,0,0,0,0,0,0,0
Ingelectricos del Norte,Contratista,2024,3,6,116,0,0,0,0,0,0,0,0,0,0,0,0
Ingenieria Canac,Contratista,2024,3,8,377,0,0,0,0,0,0,0,0,0,0,0,0
Keaser Comprensores,Contratista,2024,3,2,65,0,0,0,0,0,0,0,0,0,0,0,0
Lnequipos,Contratista,2024,3,1,2,0,0,0,0,0,0,0,0,0,0,0,0
Luxem de Colombia,Contratista,2024,3,1,11,0,0,0,0,0,0,0,0,0,0,0,0
Mcs Colombia,Contratista,2024,3,2,707,0,0,0,0,0,0,0,0,0,0,0,0
Maxitempo,Contratista,2024,3,27,6264,0,0,0,0,0,0,0,16,0,0,0,0
Nelec,Contratista,2024,3,20,9072,0,0,0,0,0,0,0,0,0,0,0,0
Neumatica del Caribe,Contratista,2024,3,1,26,0,0,0,0,0,0,0,0,0,0,0,0
Oga,Contratista,2024,3,1,55,0,0,0,0,0,0,0,0,0,0,0,0
Premac,Contratista,2024,3,3,73,0,0,0,0,0,0,0,0,0,0,0,0
Proelect,Contratista,2024,3,6,1940,0,0,0,0,0,0,0,0,0,0,0,0
Quironprevencion,Contratista,2024,3,1,380,0,0,0,0,0,0,0,0,0,0,0,0
Ramirez Y Serna RYS,Contratista,2024,3,13,2000,0,0,0,0,0,0,0,0,0,0,0,0
RR Mantenimiento,Contratista,2024,3,20,8764,0,0,0,0,0,0,0,0,0,0,0,0
Sapore,Contratista,2024,3,13,5104,0,1,0,0,0,0,0,0,0,0,0,0
Seguridad Andina,Contratista,2024,3,23,11671,0,0,0,0,0,0,0,0,0,0,0,0
Servicio Tecnico Inkjet,Contratista,2024,3,2,104,0,0,0,0,0,0,0,0,0,0,0,0
Servicio integrales energeticos Seiner,Contratista,2024,3,1,1,0,0,0,0,0,0,0,0,0,0,0,0
Servicios tecnicos de eqipos y maquinaria,Contratista,2024,3,5,650,0,0,0,0,0,0,0,0,0,0,0,0
Soluciones tecnicas y constructivas,Contratista,2024,3,1,11,0,0,0,0,0,0,0,0,0,0,0,0
Supply Logistc,Contratista,2024,3,51,12240,0,0,0,0,0,0,0,0,0,0,0,0
TNS Ingenieria,Contratista,2024,3,11,1636,0,0,0,0,0,0,0,0,0,0,0,0
Vppl,Contratista,2024,3,4,102,0,0,0,0,0,0,0,0,0,0,0,0
Acp y Cia Ltda,Contratista,2024,4,10,1044,0,0,0,0,0,0,0,0,0,0,0,0
Ar sercobe,Contratista,2024,4,1,2,0,0,0,0,0,0,0,0,0,0,0,0
Atlas Cop,Contratista,2024,4,1,53,0,0,0,0,0,0,0,0,0,0,0,0
Automatizacion y Peso,Contratista,2024,4,6,21,0,0,0,0,0,0,0,0,0,0,0,0
Bandas Servicios y Mangueras de la costa,Contratista,2024,4,5,748,0,0,0,0,0,0,0,0,0,0,0,0
Brillaseo,Contratista,2024,4,18,40080,0,0,0,0,0,0,0,0,0,0,0,0
Carpas IKL,Contratista,2024,4,4,88,0,0,0,0,0,0,0,0,0,0,0,0
Clima Frio,Contratista,2024,4,15,2060,0,0,0,0,0,0,0,0,0,0,0,0
Cmp Multiproyectos,Contratista,2024,4,7,446,0,0,0,0,0,0,0,0,0,0,0,0
Compañia de Seguros Bolivar,Contratista,2024,4,1,983,0,0,0,0,0,0,0,0,0,0,0,0
Demco,Contratista,2024,4,3,249,0,0,0,0,0,0,0,0,0,0,0,0
Derco,Contratista,2024,4,3,2011,0,0,0,0,0,0,0,0,0,0,0,0
Egv Gropu,Contratista,2024,4,19,2000,0,0,0,0,0,0,0,0,0,0,0,0
Energia y Maquinado,Contratista,2024,4,5,370,0,0,0,0,0,0,0,0,0,0,0,0
Equiservicios de la costa,Contratista,2024,4,1,307,0,0,0,0,0,0,0,0,0,0,0,0
Expert Solucion service,Contratista,2024,4,1,27,0,0,0,0,0,0,0,0,0,0,0,0
Fanser,Contratista,2024,4,2,8,0,0,0,0,0,0,0,0,0,0,0,0
Geincor,Contratista,2024,4,5,243,0,0,0,0,0,0,0,0,0,0,0,0
Geofuturo,Contratista,2024,4,15,8734,0,0,0,0,0,0,0,0,0,0,0,0
Importacion Tecnica de Estudio,Contratista,2024,4,15,848,0,0,0,0,0,0,0,0,0,0,0,0
Ingenieria Canac,Contratista,2024,4,15,1312,0,0,0,0,0,0,0,0,0,0,0,0
Luxem,Contratista,2024,4,1,41,0,0,0,0,0,0,0,0,0,0,0,0
Mcs Colombia,Contratista,2024,4,2,1003,0,0,0,0,0,0,0,0,0,0,0,0
Nelec,Contratista,2024,4,20,9065,0,0,0,0,0,0,0,0,0,0,0,0
Oga,Contratista,2024,4,1,111,0,0,0,0,0,0,0,0,0,0,0,0
Premac,Contratista,2024,4,3,151,0,0,0,0,0,0,0,0,0,0,0,0
Ramirez Y Serna RYS,Contratista,2024,4,12,2000,0,0,0,0,0,0,0,0,0,0,0,0
RR Mantenimiento,Contratista,2024,4,20,8764,0,0,0,0,1,0,5,0,0,0,0,0
Sapore,Contratista,2024,4,13,5104,0,0,0,0,0,0,0,0,0,0,0,0
Seguridad Andina,Contratista,2024,4,23,11671,0,0,0,0,0,0,0,0,0,0,0,0
Servicio Tecnico Inkjet,Contratista,2024,4,2,104,0,0,0,0,0,0,0,0,0,0,0,0
Supply Logistc,Contratista,2024,4,48,24613,0,0,0,0,0,0,0,0,0,0,0,0
TNS Ingenieria,Contratista,2024,4,11,1636,0,0,0,0,0,0,0,0,0,0,0,0
Atlascopco,Contratista,2024,5,1,60,0,0,0,0,0,0,0,0,0,0,0,0
Automatizacion y peso,Contratista,2024,5,6,251,0,0,0,0,0,0,0,0,0,0,0,0
BSM,Contratista,2024,5,5,666,0,0,0,0,0,0,0,0,0,0,0,0
Brillaseo,Contratista,2024,5,18,40007,0,0,0,0,0,0,0,0,0,0,0,0
Carpas IKL,Contratista,2024,5,4,107,0,0,0,0,0,0,0,0,0,0,0,0
Climafrio,Contratista,2024,5,8,2151,0,0,0,0,0,0,0,0,0,0,0,0
Codificacion y Etiquetado,Contratista,2024,5,1,3,0,0,0,0,0,0,0,0,0,0,0,0
Compañia de Seguros Bolivar,Contratista,2024,5,1,1254,0,0,0,0,0,0,0,0,0,0,0,0
Compass Group,Contratista,2024,5,5,473,0,0,0,0,0,0,0,0,0,0,0,0
Control De Contaminacion,Contratista,2024,5,9,268,0,0,0,0,0,0,0,0,0,0,0,0
Control de Movimiento,Contratista,2024,5,1,30,0,0,0,0,0,0,0,0,0,0,0,0
Demco,Contratista,2024,5,3,467,0,0,0,0,0,0,0,0,0,0,0,0
Egv Gropu,Contratista,2024,5,19,2099,0,0,0,0,0,0,0,0,0,0,0,0
Energia y Maquinado,Contratista,2024,5,20,2541,0,0,0,0,0,0,0,0,0,0,0,0
Expert Solutions,Contratista,2024,5,1,28,0,0,0,0,0,0,0,0,0,0,0,0
Geincor,Contratista,2024,5,3,138,0,0,0,0,0,0,0,0,0,0,0,0
Geofuturo,Contratista,2024,5,15,7335,0,0,0,0,0,0,0,0,0,0,0,0
Keaser Comprensores,Contratista,2024,5,10,189,0,0,0,0,0,0,0,0,0,0,0,0
Luxem de Colombia,Contratista,2024,5,1,41,0,0,0,0,0,0,0,0,0,0,0,0
Mcs Colombia,Contratista,2024,5,2,1234,0,0,0,0,0,0,0,0,0,0,0,0
Maxitempo,Contratista,2024,5,24,4608,0,0,0,0,0,0,0,0,0,0,0,0
Nelec,Contratista,2024,5,34,37129,0,0,0,0,0,0,0,0,0,0,0,0
Oga,Contratista,2024,5,1,111,0,0,0,0,0,0,0,0,0,0,0,0
Quironprevencion,Contratista,2024,5,1,98,0,0,0,0,0,0,0,0,0,0,0,0
Ramirez Y Serna RYS,Contratista,2024,5,9,2160,0,0,0,0,0,0,0,0,0,0,0,0
RR Mantenimiento,Contratista,2024,5,5,2595,0,0,0,0,0,0,0,0,0,0,0,0
Seguridad Andina,Contratista,2024,5,29,6240,0,0,0,0,0,0,0,0,0,0,0,0
Servicio Tecnico Inkjet,Contratista,2024,5,2,376,0,0,0,0,0,0,0,0,0,0,0,0
Supply Logistc,Contratista,2024,5,47,25000,0,0,0,0,0,0,0,0,0,0,0,0
TNS Ingenieria,Contratista,2024,5,13,5577,0,0,0,0,0,0,0,0,0,0,0,0
Vppl,Contratista,2024,5,2,376,0,0,0,0,0,0,0,0,0,0,0,0
Atlascopco,Contratista,2024,6,1,5,0,1,0,0,0,0,0,0,0,0,0,0
Automatizacion y peso,Contratista,2024,6,3,91,0,0,0,0,0,0,0,0,0,0,0,0
Bandas Servicios y Mangueras de la costa,Contratista,2024,6,5,101,0,0,0,0,0,0,0,0,0,0,0,0
Brillaseo,Contratista,2024,6,15,2860,0,0,0,0,0,0,0,0,0,0,0,0
Climafrio,Contratista,2024,6,3,101,0,0,0,0,0,0,0,0,0,0,0,0
Codificacion y Etiquetado,Contratista,2024,6,1,2,0,0,0,0,0,0,0,0,0,0,0,0
Compañia de Seguros Bolivar,Contratista,2024,6,1,254,0,0,0,0,0,0,0,0,0,0,0,0
Compass Group,Contratista,2024,6,6,475,0,0,0,0,0,0,0,0,0,0,0,0
Control De Contaminacion,Contratista,2024,6,6,25,0,0,0,0,0,0,0,0,0,0,0,0
Energia y Maquinado,Contratista,2024,6,2,2,0,0,0,0,0,0,0,0,0,0,0,0
Ferretodo,Contratista,2024,6,3,175,0,0,0,0,0,0,0,0,0,0,0,0
Geofuturo,Contratista,2024,6,6,590,0,0,0,0,0,0,0,0,0,0,0,0
Gruas y Equipos del norte,Contratista,2024,6,1,5,0,0,0,0,0,0,0,0,0,0,0,0
Importacion tecnica estudios,Contratista,2024,6,1,2,0,0,0,0,0,0,0,0,0,0,0,0
Ingenieria Canac,Contratista,2024,6,7,220,0,0,0,0,0,0,0,0,0,0,0,0
Keaser Comprensores,Contratista,2024,6,1,2,0,0,0,0,0,0,0,0,0,0,0,0
Lnequipos,Contratista,2024,6,1,53,0,0,0,0,0,0,0,0,0,0,0,0
Luxem de Colombia,Contratista,2024,6,1,34,0,0,0,0,0,0,0,0,0,0,0,0
Mcs Colombia,Contratista,2024,6,1,191,0,0,0,0,0,0,0,0,0,0,0,0
Nelec,Contratista,2024,6,14,2596,0,0,0,0,0,0,0,0,0,0,0,0
Proelect,Contratista,2024,6,5,482,0,0,0,0,0,0,0,0,0,0,0,0
R&S Ingenieria,Contratista,2024,6,10,966,0,0,0,0,0,0,0,0,0,0,0,0
RR Mantenimiento,Contratista,2024,6,13,1025,0,0,0,0,0,0,0,0,0,0,0,0
Seguridad Andina,Contratista,2024,6,21,2579,0,0,0,0,0,0,0,0,0,0,0,0
Servicio Tecnico Inkjet,Contratista,2024,6,2,32,0,0,0,0,0,0,0,0,0,0,0,0
Sericios tecnicos de equipo y maquinaria,Contratista,2024,6,5,274,0,0,0,0,0,0,0,0,0,0,0,0
Supply,Contratista,2024,6,47,10563,0,0,1,0,0,0,0,0,0,0,1,0
TNS Ingenieria,Contratista,2024,6,11,700,0,0,0,0,0,0,0,0,0,0,0,0
Vppl,Contratista,2024,6,6,130,0,0,0,0,0,0,0,0,0,0,0,0
Automatizacion y peso,Contratista,2024,7,2,35,0,0,0,0,0,0,0,0,0,0,0,0
Automatizacion y equipos de control,Contratista,2024,7,1,92,0,0,0,0,0,0,0,0,0,0,0,0
Bandas Servicios y Mangueras de la costa,Contratista,2024,7,5,91,0,0,0,0,0,0,0,0,0,0,0,0
Brillaseo,Contratista,2024,7,14,2674,0,0,0,0,0,0,0,0,0,0,0,0
Climafrio,Contratista,2024,7,3,77,0,0,0,0,0,0,0,0,0,0,0,0
Compañia de Seguros Bolivar,Contratista,2024,7,1,254,0,0,0,0,0,0,0,0,0,0,0,0
Compass Group,Contratista,2024,7,6,614,0,0,0,0,0,0,0,0,0,0,0,0
Energia y Maquinado,Contratista,2024,7,2,10,0,0,0,0,0,0,0,0,0,0,0,0
Gh Puentes Grua,Contratista,2024,7,1,44,0,0,0,0,0,0,0,0,0,0,0,0
Geofuturo,Contratista,2024,7,4,584,0,0,0,0,0,0,0,0,0,0,0,0
Lnequipos,Contratista,2024,7,1,129,0,0,0,0,0,0,0,0,0,0,0,0
Mcs Colombia,Contratista,2024,7,1,181,0,0,0,0,0,0,0,0,0,0,0,0
Maxitempo,Contratista,2024,7,34,8160,0,0,0,0,0,0,0,0,0,0,0,0
Nelec,Contratista,2024,7,4,1330,0,0,0,0,0,0,0,0,0,0,0,0
Proelect,Contratista,2024,7,4,763,0,0,0,0,0,0,0,0,0,0,0,0
R&S Ingenieria,Contratista,2024,7,6,601,0,0,0,0,0,0,0,0,0,0,0,0
RR Mantenimiento,Contratista,2024,7,13,3120,0,0,0,0,0,0,0,0,0,0,0,0
Seguridad Andina,Contratista,2024,7,21,2500,0,0,0,0,0,0,0,0,0,0,0,0
Servicio Tecnico Inkjet,Contratista,2024,7,1,37,0,0,0,0,0,0,0,0,0,0,0,0
Sericios tecnicos de equipo y maquinaria,Contratista,2024,7,1,245,0,0,0,0,0,0,0,0,0,0,0,0
Supply,Contratista,2024,7,49,10111,0,0,0,0,0,0,0,0,0,0,0,0
TNS Ingenieria,Contratista,2024,7,7,1257,0,0,0,0,0,0,0,0,0,0,0,0
Solubaq,Contratista,2024,7,5,816,0,0,0,0,0,0,0,0,0,0,0,0
Demco,Contratista,2024,7,3,401,0,0,0,0,0,0,0,0,0,0,0,0
Kaeser Compresores De Colombia S.A.S,Contratista,2024,7,2,21,0,0,0,0,0,0,0,0,0,0,0,0
Premac,Contratista,2024,7,2,24,0,0,0,0,0,0,0,0,0,0,0,0
Oga Sistemvac,Contratista,2024,7,2,22,0,0,0,0,0,0,0,0,0,0,0,0
Quironprevencion,Contratista,2024,7,1,9,0,0,0,0,0,0,0,0,0,0,0,0
Bandas Servicios y Mangueras de la costa,Contratista,2024,8,5,22,0,0,0,0,0,0,0,0,0,0,0,0
Brillaseo,Contratista,2024,8,14,2700,0,0,0,0,0,0,0,0,0,0,0,0
Climafrio,Contratista,2024,8,4,355,0,0,0,0,0,0,0,0,0,0,0,0
Compañia de Seguros Bolivar,Contratista,2024,8,1,145,0,0,0,0,0,0,0,0,0,0,0,0
Compass Group,Contratista,2024,8,9,1270,0,0,0,0,0,0,0,0,0,0,0,0
Energia y Maquinado,Contratista,2024,8,3,5,0,0,0,0,0,0,0,0,0,0,0,0
Egv Group,Contratista,2025,8,3,125,0,0,0,0,0,0,0,0,0,0,0,0
Gh Puentes Grua,Contratista,2024,8,3,16,0,0,0,0,0,0,0,0,0,0,0,0
Expert Solutions,Contratista,2024,8,1,6,0,0,0,0,0,0,0,0,0,0,0,0
Geofuturo,Contratista,2024,8,5,638,0,0,0,0,0,0,0,0,0,0,0,0
Ingenieria Canac,Contratista,2024,8,2,38,0,0,0,0,0,0,0,0,0,0,0,0
Mcs Colombia,Contratista,2024,8,1,250,0,0,0,0,0,0,0,0,0,0,0,0
Maxitempo,Contratista,2024,8,28,6720,0,0,1,0,0,0,0,0,0,0,0,0
Nelec,Contratista,2024,8,11,1700,0,0,0,0,0,0,0,0,0,0,0,0
Proelect,Contratista,2024,8,7,1000,0,0,0,0,0,0,0,0,0,0,0,0
R&S Ingenieria,Contratista,2024,8,4,280,0,0,0,0,0,0,0,0,0,0,0,0
RR Mantenimiento,Contratista,2024,8,13,1350,0,0,0,0,0,0,0,0,0,0,0,0
Seguridad Andina,Contratista,2024,8,23,3460,0,0,0,0,0,0,0,0,0,0,0,0
Servicio Tecnico Inkjet,Contratista,2024,8,1,30,0,0,0,0,0,0,0,0,0,0,0,0
Sericios tecnicos de equipo y maquinaria,Contratista,2024,8,3,300,0,0,0,0,0,0,0,0,0,0,0,0
Supply,Contratista,2024,8,46,6930,0,0,0,0,0,0,0,0,0,0,0,0
TNS Ingenieria,Contratista,2024,8,10,700,0,0,0,0,0,0,0,0,0,0,0,0
Solubaq,Contratista,2024,8,12,500,0,0,0,0,0,0,0,0,0,0,0,0
Quironprevencion,Contratista,2024,8,1,210,0,0,0,0,0,0,0,0,0,0,0,0
Soluciones Energeticas Constructivas,Contratista,2024,8,2,37,0,0,0,0,0,0,0,0,0,0,0,0
Atlas Cop Colombia Ltda.,Contratista,2024,9,1,10,0,0,0,0,0,0,0,0,0,0,0,0
Bandas servicios y mangueras,Contratista,2024,9,1,1,0,0,0,0,0,0,0,0,0,0,0,0
Brillaseo S.A.,Contratista,2024,9,13,2081,0,0,0,0,0,0,0,0,0,0,0,0
MCS Colombia sas,Contratista,2024,9,1,199,0,0,0,0,0,0,0,0,0,0,0,0
Comapañia Seguros Bolivar,Contratista,2024,9,1,121,0,0,0,0,0,0,0,0,0,0,0,0
Codificado y etiquetado,Contratista,2024,9,1,8,0,0,0,0,0,0,0,0,0,0,0,0
Compass Groupp,Contratista,2024,9,16,1445,0,0,0,0,0,0,0,0,0,0,0,0
Clima Frio Rt S.A.S,Contratista,2024,9,5,85,0,0,0,0,0,0,0,0,0,0,0,0
Energia y maquinado,Contratista,2024,9,9,431,0,0,0,0,0,0,0,0,0,0,0,0
Ingenierias Canac,Contratista,2024,9,5,58,0,0,0,0,0,0,0,0,0,0,0,0
Geofuturo S.A.S,Contratista,2024,9,5,615,0,0,0,0,0,0,0,0,0,0,0,0
Kaeser Compresores De Colombia S.A.S,Contratista,2024,9,2,7,0,0,0,0,0,0,0,0,0,0,0,0
Nelec A&C Sas,Contratista,2024,9,14,1338,0,0,0,0,0,0,0,0,0,0,0,0
Novatec,Contratista,2024,9,2,25,0,0,0,0,0,0,0,0,0,0,0,0
Proelect Soluciones Industriales S.A,Contratista,2024,9,7,1040,0,0,0,0,0,0,0,0,0,0,0,0
Quironprevención,Contratista,2024,9,1,210,0,0,0,0,0,0,0,0,0,0,0,0
Ramírez & Serna R&S Ingeniería S.A.S,Contratista,2024,9,3,24,0,0,0,0,0,0,0,0,0,0,0,0
RR Mantenimientos Y Metalmecánica De La Costa S.A.S,Contratista,2024,9,10,1185,0,0,0,0,0,0,0,0,0,0,0,0
Seguridad Andina - Andina De Seguridad Del Valle Limitada,Contratista,2024,9,11,11200,0,0,0,0,0,0,0,0,0,0,0,0
Seiner sas,Contratista,2024,9,3,111,0,0,0,0,0,0,0,0,0,0,0,0
Servicio Técnico Inkjet Sas,Contratista,2024,9,1,5,0,0,0,0,0,0,0,0,0,0,0,0
Servicios Tecnicos De Equipos Y Maquinaria Pesada,Contratista,2024,9,2,316,0,0,0,0,0,0,0,0,0,0,0,0
Solubaq,Contratista,2024,9,8,300,0,0,0,0,0,0,0,0,0,0,0,0
Supply Logistics S.A.S,Contratista,2024,9,45,7467,0,0,0,0,0,0,0,0,0,0,0,0
TNS Ingenieria,Contratista,2024,9,12,1137,0,0,0,0,0,0,0,0,0,0,0,0
Zonas Costeras,Contratista,2024,9,3,56,0,0,0,0,0,0,0,0,0,0,0,0
Quironprevención,Contratista,2024,10,1,227,0,0,0,0,0,0,0,0,0,0,0,0
Acp CIA SAS,Contratista,2024,10,3,13,0,0,0,0,0,0,0,0,0,0,0,0
Compañia Seguros Bolivar,Contratista,2024,10,1,225,0,0,0,0,0,0,0,0,0,0,0,0
FAS LABORATORIO sas,Contratista,2024,10,1,30,0,0,0,0,0,0,0,0,0,0,0,0
Bandas servicios y mangueras,Contratista,2024,10,5,67,0,0,0,0,0,0,0,0,0,0,0,0
Brillaseo S.A.,Contratista,2024,10,13,2864,0,0,0,0,0,0,0,0,0,0,0,0
Automatizacion y pesos,Contratista,2024,10,4,44,0,0,0,0,0,0,0,0,0,0,0,0
Clima Frio Rt S.A.S,Contratista,2024,10,7,257,0,0,0,0,0,0,0,0,0,0,0,0
Energia y maquinado,Contratista,2024,10,10,212,0,0,0,0,0,0,0,0,0,0,0,0
Iteco S.A.S,Contratista,2024,10,6,130,0,0,0,0,0,0,0,0,0,0,0,0
Geofuturo S.A.S,Contratista,2024,10,4,637,0,0,0,0,0,0,0,0,0,0,0,0
Kaeser Compresores De Colombia S.A.S,Contratista,2024,10,2,3,0,0,0,0,0,0,0,0,0,0,0,0
Mcs Colombia S.A,Contratista,2024,10,1,203,0,0,0,0,0,0,0,0,0,0,0,0
Nelec A&C Sas,Contratista,2024,10,10,1395,0,0,0,0,0,0,0,0,0,0,0,0
oga,Contratista,2024,10,1,22,0,0,0,0,0,0,0,0,0,0,0,0
Proelect Soluciones Industriales S.A,Contratista,2024,10,6,892,0,0,0,0,0,0,0,0,0,0,0,0
Ramírez & Serna R&S Ingeniería S.A.S,Contratista,2024,10,4,80,0,0,0,0,0,0,0,0,0,0,0,0
RR Mantenimientos Y Metalmecánica De La Costa S.A.S,Contratista,2024,10,12,2012,0,0,0,0,0,0,0,0,0,0,0,0
Compass Sas,Contratista,2024,10,27,2035,0,0,0,0,0,0,0,0,0,0,0,0
Seguridad Andina - Andina De Seguridad Del Valle Limitada,Contratista,2024,10,19,1409,0,0,1,0,0,0,0,3,0,0,1,0
Tns Ingenieria S.A.S,Contratista,2024,10,10,403,0,0,0,0,0,0,0,0,0,0,0,0
Servicio Técnico Inkjet Sas,Contratista,2024,10,1,1,0,0,0,0,0,0,0,0,0,0,0,0
soluciones energetica constructiva,Contratista,2024,10,1,1,0,0,0,0,0,0,0,0,0,0,0,0
Servicios Tecnicos De Equipos Y Maquinaria Pesada,Contratista,2024,10,3,304,0,0,0,0,0,0,0,0,0,0,0,0
seiner,Contratista,2024,10,3,12,0,0,0,0,0,0,0,0,0,0,0,0
solubaq,Contratista,2024,10,8,164,0,0,0,0,0,0,0,0,0,0,0,0
Supply Logistics S.A.S,Contratista,2024,10,45,8567,0,0,0,0,0,0,0,0,0,0,0,0
SPECIALIZED SERVICES COMPANY SAS,Contratista,2024,10,1,2,0,0,0,0,0,0,0,0,0,0,0,0
Premac,Contratista,2024,10,2,17,0,0,0,0,0,0,0,0,0,0,0,0
Acp CIA SAS,Contratista,2024,11,3,50,0,0,0,0,0,0,0,0,0,0,0,0
Automatizacion y pesos,Contratista,2024,11,3,12,0,0,0,0,0,0,0,0,0,0,0,0
Bandas servicios y mangueras,Contratista,2024,11,5,120,0,0,0,0,0,0,0,0,0,0,0,0
Brillaseo S.A.,Contratista,2024,11,14,2607,0,0,0,0,0,0,0,0,0,0,0,0
Clima Frio Rt S.A.S,Contratista,2024,11,6,282,0,0,0,0,0,0,0,0,0,0,0,0
Codificacion y etiquetado,Contratista,2024,11,1,33,0,0,0,0,0,0,0,0,0,0,0,0
Compañia de seguros bolivar,Contratista,2024,11,1,160,0,0,0,0,0,0,0,0,0,0,0,0
Compas Group,Contratista,2024,11,8,1206,0,0,0,0,0,0,0,0,0,0,0,0
Creainnova,Contratista,2024,11,3,85,0,0,0,0,0,0,0,0,0,0,0,0
Canac,Contratista,2024,11,4,32,0,0,0,0,0,0,0,0,0,0,0,0
Energia y maquinado,Contratista,2024,11,6,384,0,0,0,0,0,0,0,0,0,0,0,0
Geincor,Contratista,2024,11,4,299,0,0,0,0,0,0,0,0,0,0,0,0
Geofuturo S.A.S,Contratista,2024,11,3,544,0,0,0,0,0,0,0,0,0,0,0,0
Importacion tecnica estudios y comercializacion,Contratista,2024,11,3,116,0,0,0,0,0,0,0,0,0,0,0,0
Kaeser Compresores De Colombia S.A.S,Contratista,2024,11,2,4,0,0,0,0,0,0,0,0,0,0,0,0
Mcs Colombia S.A,Contratista,2024,11,1,240,0,0,0,0,0,0,0,0,0,0,0,0
Maxitempo,Contratista,2024,11,17,4080,0,0,0,0,0,0,0,0,0,0,0,0
Nelec A&C Sas,Contratista,2024,11,13,1440,0,0,0,0,0,0,0,0,0,0,0,0
Premac,Contratista,2024,11,2,16,0,0,0,0,0,0,0,0,0,0,0,0
Proelect Soluciones Industriales S.A,Contratista,2024,11,5,665,0,0,0,0,0,0,0,0,0,0,0,0
Quironprevención,Contratista,2024,11,1,223,0,0,0,0,0,0,0,0,0,0,0,0
Ramírez & Serna R&S Ingeniería S.A.S,Contratista,2024,11,4,427,0,0,0,0,0,0,0,0,0,0,0,0
RR Mantenimientos Y Metalmecánica De La Costa S.A.S,Contratista,2024,11,14,1957,0,0,0,0,0,0,0,0,0,0,0,0
Seguridad Andina - Andina De Seguridad Del Valle Limitada,Contratista,2024,11,21,733,0,0,0,0,0,0,0,0,0,0,0,0
Servicio Técnico Inkjet Sas,Contratista,2024,11,1,42,0,0,0,0,0,0,0,0,0,0,0,0
Servicios Tecnicos De Equipos Y Maquinaria Pesada,Contratista,2024,11,4,210,0,0,0,0,0,0,0,0,0,0,0,0
Solubaq,Contratista,2024,11,3,13,0,0,0,0,0,0,0,0,0,0,0,0
Supply Logistics S.A.S,Contratista,2024,11,45,7782,0,0,0,0,0,0,0,0,0,0,0,0
TNS Ingenieria,Contratista,2024,11,6,270,0,0,0,0,0,0,0,0,0,0,0,0
Zonas costeras,Contratista,2024,11,2,20,0,0,0,0,0,0,0,0,0,0,0,0
Atlas Cop Colombia,Contratista,2024,12,1,25,0,0,0,0,0,0,0,0,0,0,0,0
Automatizacion y Peso,Contratista,2024,12,2,3,0,0,0,0,0,0,0,0,0,0,0,0
Bandas servicios y mangueras,Contratista,2024,12,5,150,0,0,0,0,0,0,0,0,0,0,0,0
Brillaseo S.A.,Contratista,2024,12,15,2481,0,0,0,0,0,0,0,0,0,0,0,0
Codificado y etiquetrados,Contratista,2024,12,1,1,0,0,0,0,0,0,0,0,0,0,0,0
Clima Frio Rt S.A.S,Contratista,2024,12,6,57,0,0,0,0,0,0,0,0,0,0,0,0
Compañia de seguros bolivar,Contratista,2024,12,1,177,0,0,0,0,0,0,0,0,0,0,0,0
Canac,Contratista,2024,12,8,299,0,0,0,0,0,0,0,0,0,0,0,0
Colcranes,Contratista,2024,12,3,10,0,0,0,0,0,0,0,0,0,0,0,0
Energia y maquinado,Contratista,2024,12,7,370,0,0,0,0,0,0,0,0,0,0,0,0
Tradelca,Contratista,2024,12,2,6,0,0,0,0,0,0,0,0,0,0,0,0
Ferrerodo,Contratista,2024,12,7,64,0,0,0,0,0,0,0,0,0,0,0,0
Geofuturo S.A.S,Contratista,2024,12,6,649,0,0,0,0,0,0,0,0,0,0,0,0
Lnequipos,Contratista,2024,12,1,60,0,0,0,0,0,0,0,0,0,0,0,0
Iteco,Contratista,2024,12,7,188,0,0,0,0,0,0,0,0,0,0,0,0
Maxitempo,Contratista,2024,12,17,4080,0,0,0,0,0,0,0,0,0,0,0,0
MCS Colombia,Contratista,2024,12,2,150,0,0,0,0,0,0,0,0,0,0,0,0
Nelec A&C Sas,Contratista,2024,12,12,1715,0,0,0,0,0,0,0,0,0,0,0,0
Proelect Soluciones Industriales S.A,Contratista,2024,12,9,284,0,0,0,0,0,0,0,0,0,0,0,0
Induagro,Contratista,2024,12,2,16,0,0,0,0,0,0,0,0,0,0,0,0
QuironPrevencion,Contratista,2024,12,1,186,0,0,0,0,0,0,0,0,0,0,0,0
Ramírez & Serna R&S Ingeniería S.A.S,Contratista,2024,12,7,537,0,0,0,0,0,0,0,0,0,0,0,0
RR Mantenimientos Y Metalmecánica De La Costa S.A.S,Contratista,2024,12,15,2008,0,0,0,0,0,0,0,0,0,0,0,0
Compas Group,Contratista,2024,12,12,1191,0,0,0,0,0,0,0,0,0,0,0,0
Seguridad Andina - Andina De Seguridad Del Valle Limitada,Contratista,2024,12,19,1512,0,0,0,0,0,0,0,0,0,0,0,0
GH Gruas,Contratista,2024,12,3,16,0,0,0,0,0,0,0,0,0,0,0,0
Tns Ingenieria S.A.S,Contratista,2024,12,8,236,0,0,0,0,0,0,0,0,0,0,0,0
Servicio Técnico Inkjet Sas,Contratista,2024,12,6,282,0,0,0,0,0,0,0,0,0,0,0,0
Supply Logistics S.A.S,Contratista,2024,12,51,9631,0,0,0,0,0,0,0,0,0,0,0,0
ABEL QUINTERO Y CIA SAS,Contratista,2025,1,6,277,0,0,0,0,0,0,0,0,0,0,0,0
AUTOMATIZACIÓN Y PESO SAS,Contratista,2025,1,3,21,0,0,0,0,0,0,0,0,0,0,0,0
BANDAS SERVICIOS Y MANGUERAS DE LA COSTA SAS,Contratista,2025,1,6,100,0,0,0,0,0,0,0,0,0,0,0,0
BRILLASEO BARRANQUILLA,Contratista,2025,1,15,2701,0,0,0,0,0,0,0,0,0,0,0,0
CARPAS I.K.L S.A.S,Contratista,2025,1,3,15,0,0,0,0,0,0,0,0,0,0,0,0
CLIMA FRIO RT S.A.S,Contratista,2025,1,8,275,0,0,0,0,0,0,0,0,0,0,0,0
CODIFICACIÓN Y ETIQUETADO S.A,Contratista,2025,1,2,4,0,0,0,0,0,0,0,0,0,0,0,0
COLCRANES SAS,Contratista,2025,1,6,40,0,0,0,0,0,0,0,0,0,0,0,0
COMPASS GROUP SERVICES COLOMBIA S.A,Contratista,2025,1,11,1608,0,0,0,0,0,0,0,0,0,0,0,0
ENERGIA Y MAQUINADO LTDA,Contratista,2025,1,1,3,0,0,0,0,0,0,0,0,0,0,0,0
FERRETODO L&A SAS,Contratista,2025,1,3,5,0,0,0,0,0,0,0,0,0,0,0,0
GEOFUTURO SAS ESP,Contratista,2025,1,6,657,0,0,0,0,0,0,0,0,0,0,0,0
GH PUENTES GRUA COLOMBIA S.A.S,Contratista,2025,1,3,10,0,0,0,0,0,0,0,0,0,0,0,0
GRUAS Y EQUIPOS DEL NORTE SAS,Contratista,2025,1,1,6,0,0,0,0,0,0,0,0,0,0,0,0
IMPORTACION TECNICA ESTUDIOS Y COMERCIALIZACION S.A,Contratista,2025,1,4,43,0,0,0,0,0,0,0,0,0,0,0,0
INGENIERIA CANAC,Contratista,2025,1,6,92,0,0,0,0,0,0,0,0,0,0,0,0
KAESER COMPRESORES DE COLOMBIA SAS,Contratista,2025,1,1,1,0,0,0,0,0,0,0,0,0,0,0,0
LNEQUIPOS,Contratista,2025,1,1,14,0,0,0,0,0,0,0,0,0,0,0,0
MCS COLOMBIA SAS,Contratista,2025,1,2,219,0,0,0,0,0,0,0,0,0,0,0,0
METROLOGIA GLOBAL SAS,Contratista,2025,1,1,8,0,0,0,0,0,0,0,0,0,0,0,0
NELEC A&C SAS,Contratista,2025,1,11,1322,0,0,0,0,0,0,0,0,0,0,0,0
PREMAC,Contratista,2025,1,2,101,0,0,0,0,0,0,0,0,0,0,0,0
PROELECT BARRANQUILLA,Contratista,2025,1,7,1628,0,0,0,0,0,0,0,0,0,0,0,0
QUIRONPREVENCION,Contratista,2025,1,2,321,0,0,0,0,0,0,0,0,0,0,0,0
RAMIREZ & SERNA R&S INGENIERIA S.A.S,Contratista,2025,1,8,486,0,0,0,0,0,0,0,0,0,0,0,0
RR MANTENIMIENTOS Y METALMECANICA DE LA COSTA SAS,Contratista,2025,1,17,1720,0,0,0,0,0,0,0,0,0,0,0,0
SEGURIDAD ANDINA BARRANQUILLA,Contratista,2025,1,17,2154,0,0,0,0,0,0,0,0,0,0,0,0
Servicio Tecnico Inkjet SAS,Contratista,2025,1,2,2,0,0,0,0,0,0,0,0,0,0,0,0
SERVICIOS INTEGRALES ENERGETICOS SEINER,Contratista,2025,1,3,33,0,0,0,0,0,0,0,0,0,0,0,0
SERVICIOS TECNICOS DE EQUIPOS Y MAQUINARIA PE,Contratista,2025,1,4,294,0,0,0,0,0,0,0,0,0,0,0,0
SPECIALIZED SERVICES COMPANY SAS,Contratista,2025,1,2,6,0,0,0,0,0,0,0,0,0,0,0,0
SUPPLY LOGISTIC BARRANQUILLA,Contratista,2025,1,51,11014,0,0,0,0,0,0,0,0,0,14,31,0
TNS INGENIERIA SAS,Contratista,2025,1,7,38,0,0,0,0,0,0,0,0,0,0,0,0
ABEL QUINTERO Y CIA SAS,Contratista,2025,2,8,577,0,0,0,0,0,0,0,0,0,0,0,0
ATLAS COP COLOMBIA LTDA,Contratista,2025,2,1,5,0,0,0,0,0,0,0,0,0,0,0,0
AUTOMATIZACION Y EQUIPOS DE CONTROL SAS,Contratista,2025,2,2,17,0,0,0,0,0,0,0,0,0,0,0,0
AUTOMATIZACIÓN Y PESO SAS,Contratista,2025,2,2,13,0,0,0,0,0,0,0,0,0,0,0,0
BANDAS SERVICIOS Y MANGUERAS DE LA COSTA SAS,Contratista,2025,2,5,20,0,0,0,0,0,0,0,0,0,0,0,0
BRILLASEO S.A.,Contratista,2025,2,15,2172,0,0,0,0,0,0,0,0,0,0,0,0
CLIMA FRIO RT S.A.S,Contratista,2025,2,2,62,0,0,0,0,0,0,0,0,0,0,0,0
COMPAÑIA DE SEGUROS BOLIVAR SA,Contratista,2025,2,1,114,0,0,0,0,0,0,0,0,0,0,0,0
COMPASS GROUP SERVICES COLOMBIA S.A,Contratista,2025,2,12,1866,0,0,0,0,0,0,0,0,0,0,0,0
ENERGIA Y MAQUINADO LTDA,Contratista,2025,2,5,25,0,0,0,0,0,0,0,0,0,0,0,0
EQUISERVICIOS DE LA COSTA SAS,Contratista,2025,2,1,1,0,0,0,0,0,0,0,0,0,0,0,0
GEINCOR,Contratista,2025,2,5,64,0,0,0,0,0,0,0,0,0,0,0,0
GEOFUTURO SAS ESP,Contratista,2025,2,5,662,0,0,0,0,0,0,0,0,0,0,0,0
GH,Contratista,2025,2,3,34,0,0,0,0,0,0,0,0,0,0,0,0
IMPORTACION TECNICA ESTUDIOS Y COMERCIALIZACION S.A,Contratista,2025,2,4,22,0,0,0,0,0,0,0,0,0,0,0,0
KAESER COMPRESORES DE COLOMBIA SAS,Contratista,2025,2,3,13,0,0,0,0,0,0,0,0,0,0,0,0
MCS COLOMBIA SAS,Contratista,2025,2,1,180,0,0,0,0,0,0,0,0,0,0,0,0
METROLOGIA GLOBAL SAS,Contratista,2025,2,1,8,0,0,0,0,0,0,0,0,0,0,0,0
NELEC A&C SAS,Contratista,2025,2,11,1024,0,0,0,0,0,0,0,0,0,0,0,0
PREMAC,Contratista,2025,2,2,19,0,0,0,0,0,0,0,0,0,0,0,0
PROELECT SOLUCIONES INDUSTRIALES S.A,Contratista,2025,2,7,1233,0,0,0,0,0,0,0,0,0,0,0,0
QUIRONPREVENCION,Contratista,2025,2,2,365,0,0,0,0,0,0,0,0,0,0,0,0
RAMIREZ & SERNA R&S INGENIERIA S.A.S,Contratista,2025,2,7,172,0,0,0,0,0,0,0,0,0,0,0,0
RR MANTENIMIENTOS Y METALMECANICA DE LA COSTA SAS,Contratista,2025,2,13,997,0,0,0,0,0,0,0,0,0,0,0,0
SEGURIDAD ANDINA - ANDINA DE SEGURIDAD DEL VALLE LIMITADA,Contratista,2025,2,20,2208,0,0,0,0,0,0,0,0,0,0,0,0
SERVICIO TECNICO INKJET SAS,Contratista,2025,2,2,136,0,0,0,0,0,0,0,0,0,0,0,0
SERVIMETERS.S.A.S,Contratista,2025,2,3,440,0,0,0,0,0,0,0,0,0,0,0,0
SUPPLY LOGISTICS S.A.S,Contratista,2025,2,56,10577,0,0,0,0,0,0,0,0,0,20,63,0
ZONAS COSTERAS S.A.S,Contratista,2025,2,1,2,0,0,0,0,0,0,0,0,0,0,0,0
ABEL QUINTERO Y CIA SAS,Contratista,2025,3,6,301,0,0,0,0,0,0,0,0,0,0,0,0
AUTOMATIZACION Y EQUIPOS DE CONTROL SAS,Contratista,2025,3,3,23,0,0,0,0,0,0,0,0,0,0,0,0
AUTOMATIZACIÓN Y PESO SAS,Contratista,2025,3,3,12,0,0,0,0,0,0,0,0,0,0,0,0
BANDAS SERVICIOS Y MANGUERAS DE LA COSTA SAS,Contratista,2025,3,4,13,0,0,0,0,0,0,0,0,0,0,0,0
BRILLASEO S.A.,Contratista,2025,3,18,2604,0,0,0,0,0,0,0,0,0,0,0,0
CARPAS I.K.L S.A.S,Contratista,2025,3,1,2,0,0,0,0,0,0,0,0,0,0,0,0
CLIMA FRIO RT S.A.S,Contratista,2025,3,9,133,0,0,0,0,0,0,0,0,0,0,0,0
CODIFICACIÓN Y ETIQUETADO S.A,Contratista,2025,3,1,2,0,0,0,0,0,0,0,0,0,0,0,0
COMPAÑIA DE SEGUROS BOLIVAR SA,Contratista,2025,3,2,175,0,0,0,0,0,0,0,0,0,0,0,0
COMPASS GROUP SERVICES COLOMBIA S.A,Contratista,2025,3,10,1475,0,0,0,0,0,0,0,0,0,0,0,0
ENERGIA Y MAQUINADO LTDA,Contratista,2025,3,9,43,0,0,0,0,0,0,0,0,0,0,0,0
GEOFUTURO SAS ESP,Contratista,2025,3,4,530,0,0,0,0,0,0,0,0,0,0,0,0
GH PUENTES GRUA COLOMBIA S.A.S,Contratista,2025,3,3,16,0,0,0,0,0,0,0,0,0,0,0,0
LILIANA LUCENA ALVAREZ,Contratista,2025,3,1,52,0,0,0,0,0,0,0,0,0,0,0,0
MCS COLOMBIA SAS,Contratista,2025,3,1,132,0,0,0,0,0,0,0,0,0,0,0,0
NELEC A&C SAS,Contratista,2025,3,10,433,0,0,0,0,0,0,0,0,0,0,0,0
OGA SISTEMVAC S.A.S,Contratista,2025,3,1,18,0,0,0,0,0,0,0,0,0,0,0,0
PREMAC,Contratista,2025,3,2,24,0,0,0,0,0,0,0,0,0,0,0,0
PROELECT BARRANQUILLA,Contratista,2025,3,7,333,0,0,0,0,0,0,0,0,0,0,0,0
QUIRONPREVENCION,Contratista,2025,3,2,366,0,0,0,0,0,0,0,0,0,0,0,0
RAMIREZ & SERNA R&S INGENIERIA S.A.S,Contratista,2025,3,1,5,0,0,0,0,0,0,0,0,0,0,0,0
RR MANTENIMIENTOS Y METALMECANICA DE LA COSTA SAS,Contratista,2025,3,9,696,0,0,0,0,0,0,0,0,0,0,0,0
SEGURIDAD ANDINA BARRANQUILLA,Contratista,2025,3,17,3165,0,0,0,0,0,0,0,0,0,0,0,0
Servicio Tecnico Inkjet SAS,Contratista,2025,3,3,154,0,0,0,0,0,0,0,0,0,0,0,0
SUPPLY LOGISTIC BARRANQUILLA,Contratista,2025,3,51,8500,0,0,1,0,0,0,0,0,0,22,46,0
ABEL QUINTERO Y CIA SAS,Contratista,2025,4,6,195,0,0,0,0,0,0,0,0,0,0,0,0
BANDAS SERVICIOS Y MANGUERAS DE LA COSTA SAS,Contratista,2025,4,2,7,0,0,0,0,0,0,0,0,0,0,0,0
BRILLASEO BARRANQUILLA,Contratista,2025,4,14,2614,0,0,0,0,0,0,0,0,0,0,0,0
CLIMA FRIO RT S.A.S,Contratista,2025,4,3,265,0,0,0,0,0,0,0,0,0,0,0,0
COLPLAGAS SAS,Contratista,2025,4,2,25,0,0,0,0,0,0,0,0,0,0,0,0
Compañia de Seguros Bolivar SA,Contratista,2025,4,2,231,0,0,0,0,0,0,0,0,0,0,0,0
ENERGIA Y MAQUINADO LTDA,Contratista,2025,4,6,43,0,0,0,0,0,0,0,0,0,0,0,0
EXPERT SOLUTIONS SERVICE SAS,Contratista,2025,4,1,1,0,0,0,0,0,0,0,0,0,0,0,0
GEINCOR,Contratista,2025,4,4,149,0,0,0,0,0,0,0,0,0,0,0,0
GEOFUTURO SAS ESP,Contratista,2025,4,3,578,0,0,0,0,0,0,0,0,0,0,0,0
Industria y Tecnología Sumtek,Contratista,2025,4,1,9,0,0,0,0,0,0,0,0,0,0,0,0
KAESER COMPRESORES DE COLOMBIA SAS,Contratista,2025,4,2,14,0,0,0,0,0,0,0,0,0,0,0,0
LILIANA LUCENA ALVAREZ,Contratista,2025,4,1,8,0,0,0,0,0,0,0,0,0,0,0,0
MCS COLOMBIA SAS,Contratista,2025,4,1,191,0,0,0,0,0,0,0,0,0,0,0,0
NELEC A&C SAS,Contratista,2025,4,3,24,0,0,0,0,0,0,0,0,0,0,0,0
COMPASS GROUP SERVICES COLOMBIA S.A,Contratista,2025,4,13,1468,0,0,0,0,0,0,0,0,0,0,0,0
PROELECT BARRANQUILLA,Contratista,2025,4,6,133,0,0,0,0,0,0,0,0,0,0,0,0
QUIRONPREVENCION,Contratista,2025,4,2,341,0,0,0,0,0,0,0,0,0,0,0,0
RAMIREZ & SERNA R&S INGENIERIA S.A.S,Contratista,2025,4,6,127,0,0,0,0,0,0,0,0,0,0,0,0
RR MANTENIMIENTOS Y METALMECANICA DE LA COSTA SAS,Contratista,2025,4,8,642,0,0,0,0,0,0,0,0,0,0,0,0
SEGURIDAD ANDINA BARRANQUILLA,Contratista,2025,4,23,5418,0,0,0,0,0,0,0,0,0,0,0,0
Servicio Tecnico Inkjet SAS,Contratista,2025,4,2,284,0,0,0,0,0,0,0,0,0,0,0,0
SUPPLY LOGISTIC BARRANQUILLA,Contratista,2025,4,46,8954,0,0,0,0,0,0,0,0,0,9,14,0
TNS INGENIERIA SAS,Contratista,2025,4,6,101,0,0,0,0,0,0,0,0,0,0,0,0
ABEL QUINTERO Y CIA SAS,Contratista,2025,5,5,108,0,0,0,0,0,0,0,0,0,0,0,0
ADECCO,Contratista,2025,5,1,8,0,0,0,0,0,0,0,0,0,0,0,0
ANALQUIM,Contratista,2025,5,7,131,0,0,0,0,0,0,0,0,0,0,0,0
AUTOMATIZACIÓN Y PESO SAS,Contratista,2025,5,5,16,0,0,0,0,0,0,0,0,0,0,0,0
BANDAS SERVICIOS Y MANGUERAS DE LA COSTA SAS,Contratista,2025,5,5,128,0,0,0,0,0,0,0,0,0,0,0,0
BRILLASEO S.A.,Contratista,2025,5,15,2473,0,0,0,0,0,0,0,0,0,0,0,0
CLIMA FRIO RT S.A.S,Contratista,2025,5,6,74,0,0,0,0,0,0,0,0,0,0,0,0
CODIFICACIÓN Y ETIQUETADO S.A,Contratista,2025,5,1,8,0,0,0,0,0,0,0,0,0,0,0,0
COLPLAGAS SAS,Contratista,2025,5,2,6,0,0,0,0,0,0,0,0,0,0,0,0
COMPAÑIA DE SEGUROS BOLIVAR SA,Contratista,2025,5,2,158,0,0,0,0,0,0,0,0,0,0,0,0
EGV GROUP S.A.S,Contratista,2025,5,5,68,0,0,0,0,0,0,0,0,0,0,0,0
ENERGIA Y MAQUINADO LTDA,Contratista,2025,5,8,76,0,0,0,0,0,0,0,0,0,0,0,0
FUNDACION PROTECCION DEL AMBIENTE Y SALUD FAS,Contratista,2025,5,2,62,0,0,0,0,0,0,0,0,0,0,0,0
GEINCOR,Contratista,2025,5,6,69,0,0,0,0,0,0,0,0,0,0,0,0
GEOFUTURO SAS ESP,Contratista,2025,5,7,640,0,0,0,0,0,0,0,0,0,0,0,0
GH PUENTES GRUA COLOMBIA S.A.S,Contratista,2025,5,3,30,0,0,0,0,0,0,0,0,0,0,0,0
KAESER COMPRESORES DE COLOMBIA SAS,Contratista,2025,5,3,32,0,0,0,0,0,0,0,0,0,0,0,0
LILIANA LUCENA ALVAREZ,Contratista,2025,5,1,101,0,0,0,0,0,0,0,0,0,0,0,0
MCS COLOMBIA SAS,Contratista,2025,5,1,202,0,0,0,0,0,0,0,0,0,0,0,0
NELEC A&C SAS,Contratista,2025,5,7,627,0,0,0,0,0,0,0,0,0,0,0,0
NEWREST SERVICES COLOMBIA S.A.,Contratista,2025,5,14,1435,0,0,0,0,0,0,0,0,0,0,0,0
PROELECT SOLUCIONES INDUSTRIALES S.A,Contratista,2025,5,7,257,0,0,0,0,0,0,0,0,0,0,0,0
PURITYMIZU,Contratista,2025,5,1,2,0,0,0,0,0,0,0,0,0,0,0,0
QUIRONPREVENCION,Contratista,2025,5,1,167,0,0,0,0,0,0,0,0,0,0,0,0
RAMIREZ & SERNA R&S INGENIERIA S.A.S,Contratista,2025,5,5,38,0,0,0,0,0,0,0,0,0,0,0,0
RR MANTENIMIENTOS Y METALMECANICA DE LA COSTA SAS,Contratista,2025,5,11,1323,0,0,0,0,0,0,0,0,0,0,0,0
SEGURIDAD ANDINA - ANDINA DE SEGURIDAD DEL VALLE LIMITADA,Contratista,2025,5,24,3805,0,0,0,0,0,0,0,0,0,0,0,0
SERVICIO TECNICO INKJET SAS,Contratista,2025,5,2,35,0,0,0,0,0,0,0,0,0,0,0,0
SERVICIOS TECNICOS DE EQUIPOS Y MAQUINARIA PE,Contratista,2025,5,3,370,0,0,0,0,0,0,0,0,0,0,0,0
SUMMAR PROCESOS SAS,Contratista,2025,5,44,4386,0,0,0,0,0,0,0,0,0,0,0,0
SUPPLY LOGISTICS S.A.S,Contratista,2025,5,45,4440,1,0,0,0,0,0,0,0,0,0,0,0
TNS INGENIERIA SAS,Contratista,2025,5,10,293,0,0,0,0,0,0,0,0,0,0,0,0
ADECCO,Contratista,2025,6,1,219,0,0,0,0,0,0,0,0,0,0,0,0
ANALQUIM,Contratista,2025,6,2,42,0,0,0,0,0,0,0,0,0,0,0,0
AUTOMATIZACIÓN Y PESO SAS,Contratista,2025,6,2,3,0,0,0,0,0,0,0,0,0,0,0,0
BANDAS SERVICIOS Y MANGUERAS DE LA COSTA SAS,Contratista,2025,6,2,1,0,0,0,0,0,0,0,0,0,0,0,0
BRILLASEO S.A.,Contratista,2025,6,14,2298,0,0,0,0,0,0,0,0,0,0,0,0
CLIMA FRIO RT S.A.S,Contratista,2025,6,4,230,0,0,0,0,0,0,0,0,0,0,0,0
COLPLAGAS SAS,Contratista,2025,6,2,4,0,0,0,0,0,0,0,0,0,0,0,0
COMPAÑIA DE SEGUROS BOLIVAR SA,Contratista,2025,6,2,208,0,0,0,0,0,0,0,0,0,0,0,0
ENERGIA Y MAQUINADO LTDA,Contratista,2025,6,7,190,0,0,0,0,0,0,0,0,0,0,0,0
GEINCOR,Contratista,2025,6,7,357,0,0,0,0,0,0,0,0,0,0,0,0
GEOFUTURO SAS ESP,Contratista,2025,6,5,586,0,0,0,0,0,0,0,0,0,0,0,0
KAESER COMPRESORES DE COLOMBIA SAS,Contratista,2025,6,2,54,0,0,0,0,0,0,0,0,0,0,0,0
LILIANA LUCENA ALVAREZ,Contratista,2025,6,1,123,0,0,0,0,0,0,0,0,0,0,0,0
MCS COLOMBIA SAS,Contratista,2025,6,1,200,0,0,0,0,0,0,0,0,0,0,0,0
NELEC A&C SAS,Contratista,2025,6,9,1085,0,0,0,0,0,0,0,0,0,0,0,0
NEWREST SERVICES COLOMBIA S.A.,Contratista,2025,6,11,1552,0,0,0,0,0,0,0,0,0,0,0,0
PROELECT SOLUCIONES INDUSTRIALES S.A,Contratista,2025,6,7,759,0,0,0,0,0,0,0,0,0,0,0,0
QUIRONPREVENCION,Contratista,2025,6,1,154,0,0,0,0,0,0,0,0,0,0,0,0
RAMIREZ & SERNA R&S INGENIERIA S.A.S,Contratista,2025,6,7,106,0,0,0,0,0,0,0,0,0,0,0,0
RR MANTENIMIENTOS Y METALMECANICA DE LA COSTA SAS,Contratista,2025,6,12,1154,0,0,0,0,0,0,0,0,0,0,0,0
SEGURIDAD ANDINA - ANDINA DE SEGURIDAD DEL VALLE LIMITADA,Contratista,2025,6,24,3891,0,0,0,0,0,0,0,0,0,0,0,0
SERVICIO TECNICO INKJET SAS,Contratista,2025,6,2,68,0,0,0,0,0,0,0,0,0,0,0,0
SERVICIOS TECNICOS DE EQUIPOS Y MAQUINARIA PE,Contratista,2025,6,3,162,1,0,0,0,0,0,0,0,0,0,0,0
SUMMAR PROCESOS SAS,Contratista,2025,6,44,8810,0,0,0,0,0,0,0,0,0,0,0,0
TECNOFUEGO,Contratista,2025,6,3,64,0,0,0,0,0,0,0,0,0,0,0,0
TNS INGENIERIA SAS,Contratista,2025,6,9,457,0,0,0,0,0,0,0,0,0,0,0,0
MAXITEMPO,Contratista,2025,7,27,5184,1,0,0,0,0,1,0,0,0,0,0,0
ADECCO,Contratista,2025,7,1,224,0,0,0,0,0,0,0,0,0,0,0,0
AUTOMATIZACIÓN Y PESO SAS,Contratista,2025,7,2,3,0,0,0,0,0,0,0,0,0,0,0,0
BANDAS SERVICIOS Y MANGUERAS DE LA COSTA SAS,Contratista,2025,7,6,20,0,0,0,0,0,0,0,0,0,0,0,0
BRILLASEO S.A.,Contratista,2025,7,16,2980,0,0,0,0,0,0,0,0,0,0,0,0
CLIMA FRIO RT S.A.S,Contratista,2025,7,5,37,0,0,0,0,0,0,0,0,0,0,0,0
COLPLAGAS SAS,Contratista,2025,7,2,6,0,0,0,0,0,0,0,0,0,0,0,0
COMPAÑIA DE SEGUROS BOLIVAR SA,Contratista,2025,7,2,170,0,0,0,0,0,0,0,0,0,0,0,0
CUMMINS DE LOS ANDES SA,Contratista,2025,7,1,23,0,0,0,0,0,0,0,0,0,0,0,0
ENERGIA Y MAQUINADO LTDA,Contratista,2025,7,7,68,0,0,0,0,0,0,0,0,0,0,0,0
EQUISERVICIO DE LA COSTA,Contratista,2025,7,1,7,0,0,0,0,0,0,0,0,0,0,0,0
FAMSER,Contratista,2025,7,3,78,0,0,0,0,0,0,0,0,0,0,0,0
GEINCOR,Contratista,2025,7,6,348,0,0,0,0,0,0,0,0,0,0,0,0
GEOFUTURO SAS ESP,Contratista,2025,7,7,764,0,0,0,0,0,0,0,0,0,0,0,0
GH PUENTE GRUAS,Contratista,2025,7,4,7,0,0,0,0,0,0,0,0,0,0,0,0
KAESER COMPRESORES DE COLOMBIA SAS,Contratista,2025,7,2,12,0,0,0,0,0,0,0,0,0,0,0,0
LILIANA LUCENA ALVAREZ,Contratista,2025,7,1,86,0,0,0,0,0,0,0,0,0,0,0,0
MCS COLOMBIA SAS,Contratista,2025,7,1,200,0,0,0,0,0,0,0,0,0,0,0,0
METROLOGIA GLOBAL,Contratista,2025,7,1,3,0,0,0,0,0,0,0,0,0,0,0,0
NELEC A&C SAS,Contratista,2025,7,13,2010,0,0,0,0,0,0,0,0,0,0,0,0
NEWREST SERVICES COLOMBIA S.A.,Contratista,2025,7,12,1709,0,0,0,0,0,0,0,0,0,0,0,0
PROELECT SOLUCIONES INDUSTRIALES S.A,Contratista,2025,7,7,896,0,0,0,0,0,0,0,0,0,0,0,0
QUIRONPREVENCION,Contratista,2025,7,1,225,0,0,0,0,0,0,0,0,0,0,0,0
RAMIREZ & SERNA R&S INGENIERIA S.A.S,Contratista,2025,7,6,189,0,0,0,0,0,0,0,0,0,0,0,0
RR MANTENIMIENTOS Y METALMECANICA DE LA COSTA SAS,Contratista,2025,7,15,1537,0,0,0,0,0,0,0,0,0,0,0,0
SEGURIDAD ANDINA - ANDINA DE SEGURIDAD DEL VALLE LIMITADA,Contratista,2025,7,23,3935,0,0,0,0,0,0,0,0,0,0,0,0
SERVICIO TECNICO INKJET SAS,Contratista,2025,7,2,23,0,0,0,0,0,0,0,0,0,0,0,0
SERVICIOS TECNICOS DE EQUIPOS Y MAQUINARIA PE,Contratista,2025,7,3,160,0,0,0,0,0,0,0,0,0,0,0,0
SUMMAR PROCESOS SAS,Contratista,2025,7,43,9030,0,0,0,0,0,0,0,0,0,0,0,0
TNS INGENIERIA SAS,Contratista,2025,7,10,345,0,0,0,0,0,0,0,0,0,0,0,0
MAXITEMPO,Contratista,2025,8,26,4992,0,0,0,0,0,1,0,4,0,0,0,0
ADECCO,Contratista,2025,8,1,196,0,0,0,0,0,0,0,0,0,0,0,0
ARSERCOBE,Contratista,2025,8,3,21,0,0,0,0,0,0,0,0,0,0,0,0
BANDAS SERVICIOS Y MANGUERAS DE LA COSTA SAS,Contratista,2025,8,4,33,0,0,0,0,0,0,0,0,0,0,0,0
BRILLASEO S.A.,Contratista,2025,8,15,2575,0,0,0,0,0,0,0,0,0,0,0,0
CLIMA FRIO RT S.A.S,Contratista,2025,8,6,158,0,0,0,0,0,0,0,0,0,0,0,0
CODIFICACION Y ETIQUETADO,Contratista,2025,8,1,2,0,0,0,0,0,0,0,0,0,0,0,0
COLPLAGAS SAS,Contratista,2025,8,2,7,0,0,0,0,0,0,0,0,0,0,0,0
COMPAÑIA DE SEGUROS BOLIVAR SA,Contratista,2025,8,1,118,0,0,0,0,0,0,0,0,0,0,0,0
GEINCOR,Contratista,2025,8,2,2,0,0,0,0,0,0,0,0,0,0,0,0
GEOFUTURO SAS ESP,Contratista,2025,8,6,581,0,0,0,0,0,0,0,0,0,0,0,0
ITECO,Contratista,2025,8,4,105,0,0,0,0,0,0,0,0,0,0,0,0
KAESER COMPRESORES DE COLOMBIA SAS,Contratista,2025,8,2,16,0,0,0,0,0,0,0,0,0,0,0,0
MCS COLOMBIA SAS,Contratista,2025,8,1,251,0,0,0,0,0,0,0,0,0,0,0,0
METROLOGIA GLOBAL,Contratista,2025,8,1,2,0,0,0,0,0,0,0,0,0,0,0,0
NELEC A&C SAS,Contratista,2025,8,14,2262,0,0,0,0,0,0,0,0,0,0,0,0
NEWREST SERVICES COLOMBIA S.A.,Contratista,2025,8,16,1457,0,0,0,0,0,0,0,0,0,0,0,0
PREMAC,Contratista,2025,8,2,13,0,0,0,0,0,0,0,0,0,0,0,0
PROELECT SOLUCIONES INDUSTRIALES S.A,Contratista,2025,8,8,773,0,0,0,0,0,0,0,0,0,0,0,0
QUIRONPREVENCION,Contratista,2025,8,1,166,0,0,0,0,0,0,0,0,0,0,0,0
RAMIREZ & SERNA R&S INGENIERIA S.A.S,Contratista,2025,8,3,39,0,0,0,0,0,0,0,0,0,0,0,0
RR MANTENIMIENTOS Y METALMECANICA DE LA COSTA SAS,Contratista,2025,8,13,1322,0,0,0,0,0,0,0,0,0,0,0,0
SOANDES,Contratista,2025,8,1,42,0,0,0,0,0,0,0,0,0,0,0,0
SEGURIDAD ANDINA - ANDINA DE SEGURIDAD DEL VALLE LIMITADA,Contratista,2025,8,26,4778,0,0,0,0,0,1,0,7,0,0,0,0
SERVICIO TECNICO INKJET SAS,Contratista,2025,8,2,28,0,0,0,0,0,0,0,0,0,0,0,0
SERVICIOS TECNICOS DE EQUIPOS Y MAQUINARIA PE,Contratista,2025,8,3,203,0,0,0,0,0,0,0,0,0,0,0,0
SUMMAR PROCESOS SAS,Contratista,2025,8,35,7323,0,0,0,0,0,0,0,0,0,0,0,0
MAXITEMPO,Contratista,2025,9,22,4224,0,0,0,0,0,0,0,0,0,0,0,0
ADECCO,Contratista,2025,9,1,208,0,0,0,0,0,0,0,0,0,0,0,0
ATLAS COP CO,Contratista,2025,9,2,15,0,0,0,0,0,0,0,0,0,0,0,0
AUTOMATIZACION Y PESO,Contratista,2025,9,2,4,0,0,0,0,0,0,0,0,0,0,0,0
BANDAS SERVICIOS Y MANGUERAS DE LA COSTA SAS,Contratista,2025,9,4,57,0,0,0,0,0,0,0,0,0,0,0,0
BRILLASEO S.A.,Contratista,2025,9,15,2710,0,0,1,0,0,0,0,0,0,0,0,0
CLIMA FRIO RT S.A.S,Contratista,2025,9,5,155,0,0,0,0,0,0,0,0,0,0,0,0
COLPLAGAS SAS,Contratista,2025,9,2,9,0,0,0,0,0,0,0,0,0,0,0,0
COMPAÑIA DE SEGUROS BOLIVAR SA,Contratista,2025,9,1,229,0,0,0,0,0,0,0,0,0,0,0,0
GEINCOR,Contratista,2025,9,2,7,0,0,0,0,0,0,0,0,0,0,0,0
GEOFUTURO SAS ESP,Contratista,2025,9,6,620,0,0,0,0,0,0,0,0,0,0,0,0
GH PUENTE GRUAS,Contratista,2025,9,1,3,0,0,0,0,0,0,0,0,0,0,0,0
ITECO,Contratista,2025,9,6,168,0,0,0,0,0,0,0,0,0,0,0,0
INGELECTRICOS,Contratista,2025,9,5,116,0,0,0,0,0,0,0,0,0,0,0,0
KAESER COMPRESORES DE COLOMBIA SAS,Contratista,2025,9,2,5,0,0,0,0,0,0,0,0,0,0,0,0
K&V,Contratista,2025,9,2,12,0,0,0,0,0,0,0,0,0,0,0,0
MCS COLOMBIA SAS,Contratista,2025,9,2,230,0,0,0,0,0,0,0,0,0,0,0,0
NELEC A&C SAS,Contratista,2025,9,14,1089,0,0,0,0,0,0,0,0,0,0,0,0
NEWREST SERVICES COLOMBIA S.A.,Contratista,2025,9,16,1442,0,0,0,0,0,0,0,0,0,0,0,0
PREMAC,Contratista,2025,9,2,112,0,0,0,0,0,0,0,0,0,0,0,0
PROELECT SOLUCIONES INDUSTRIALES S.A,Contratista,2025,9,8,1460,0,0,0,0,0,0,0,0,0,0,0,0
QUIRONPREVENCION,Contratista,2025,9,1,135,0,0,0,0,0,0,0,0,0,0,0,0
RAMIREZ & SERNA R&S INGENIERIA S.A.S,Contratista,2025,9,5,325,0,0,0,0,0,0,0,0,0,0,0,0
RR MANTENIMIENTOS Y METALMECANICA DE LA COSTA SAS,Contratista,2025,9,13,968,0,0,0,0,0,0,0,0,0,0,0,0
SOANDES,Contratista,2025,9,1,97,0,0,0,0,0,0,0,0,0,0,0,0
SEGURIDAD ANDINA - ANDINA DE SEGURIDAD DEL VALLE LIMITADA,Contratista,2025,9,26,5665,0,0,0,0,0,0,0,0,0,0,0,0
SEGURIDAD Y SERVICIOS,Contratista,2025,9,2,16,0,0,0,0,0,0,0,0,0,0,0,0
SERVICIO TECNICO INKJET SAS,Contratista,2025,9,2,29,0,0,0,0,0,0,0,0,0,0,0,0
SERVICIOS TECNICOS DE EQUIPOS Y MAQUINARIA PE,Contratista,2025,9,2,220,0,0,0,0,0,0,0,0,0,0,0,0
SOLUCIONES ENERGETICAS CONSTRUCTIVAS,Contratista,2025,9,2,32,0,0,0,0,0,0,0,0,0,0,0,0
SUMMAR PROCESOS SAS,Contratista,2025,9,35,7924,0,0,0,0,0,0,0,0,0,0,0,0
TNS,Contratista,2025,9,2,10,0,0,0,0,0,0,0,0,0,0,0,0
MAXITEMPO,Contratista,2025,10,22,4048,0,0,0,0,0,0,0,0,0,0,0,0
ADECCO,Contratista,2025,10,1,181,0,0,0,0,0,0,0,0,0,0,0,0
AUTOMATIZACION Y PESO,Contratista,2025,10,4,39,0,0,0,0,0,0,0,0,0,0,0,0
BANDAS SERVICIOS Y MANGUERAS DE LA COSTA SAS,Contratista,2025,10,5,24,0,0,0,0,0,0,0,0,0,0,0,0
BRILLASEO S.A.,Contratista,2025,10,15,2621,0,0,0,0,0,0,0,0,0,0,0,0
CLIMA FRIO RT S.A.S,Contratista,2025,10,7,174,0,0,0,0,0,0,0,0,0,0,0,0
CODIFICACION Y ETIQUETADO,Contratista,2025,10,2,5,0,0,0,0,0,0,0,0,0,0,0,0
COLPLAGAS SAS,Contratista,2025,10,1,8,0,0,0,0,0,0,0,0,0,0,0,0
COMPAÑIA DE SEGUROS BOLIVAR SA,Contratista,2025,10,2,190,0,0,0,0,0,0,0,0,0,0,0,0
GEINCOR,Contratista,2025,10,5,163,0,0,0,0,0,0,0,0,0,0,0,0
ITECO,Contratista,2025,10,5,70,0,0,0,0,0,0,0,0,0,0,0,0
JW SOLUCIONES AMBIENTALES,Contratista,2025,10,2,64,0,0,0,0,0,0,0,0,0,0,0,0
KAESER COMPRESORES DE COLOMBIA SAS,Contratista,2025,10,3,10,0,0,0,0,0,0,0,0,0,0,0,0
MCS COLOMBIA SAS,Contratista,2025,10,2,228,0,0,0,0,0,0,0,0,0,0,0,0
METROLOGIA,Contratista,2025,10,1,6,0,0,0,0,0,0,0,0,0,0,0,0
METROLOGIA E INSTRUMENTACION,Contratista,2025,10,1,3,0,0,0,0,0,0,0,0,0,0,0,0
NELEC A&C SAS,Contratista,2025,10,12,1627,0,0,0,0,0,0,0,0,0,0,0,0
NEWREST SERVICES COLOMBIA S.A.,Contratista,2025,10,13,1349,0,0,0,0,0,0,0,0,0,0,0,0
PREMAC,Contratista,2025,10,3,17,0,0,0,0,0,0,0,0,0,0,0,0
PROELECT SOLUCIONES INDUSTRIALES S.A,Contratista,2025,10,7,447,0,0,0,0,0,0,0,0,0,0,0,0
QUIRONPREVENCION,Contratista,2025,10,1,164,0,0,0,0,0,0,0,0,0,0,0,0
RAMIREZ & SERNA R&S INGENIERIA S.A.S,Contratista,2025,10,5,75,0,0,0,0,0,0,0,0,0,0,0,0
RR MANTENIMIENTOS Y METALMECANICA DE LA COSTA SAS,Contratista,2025,10,12,1134,0,0,0,0,0,0,0,0,0,0,0,0
SOANDES,Contratista,2025,10,1,25,0,0,0,0,0,0,0,0,0,0,0,0
SEGURIDAD ANDINA - ANDINA DE SEGURIDAD DEL VALLE LIMITADA,Contratista,2025,10,29,5585,0,0,0,0,0,0,0,0,0,0,0,0
SEGURIDAD Y SERVICIOS,Contratista,2025,10,3,70,0,0,0,0,0,0,0,0,0,0,0,0
SERVICIO TECNICO INKJET SAS,Contratista,2025,10,2,11,0,0,0,0,0,0,0,0,0,0,0,0
SERVICIOS TECNICOS DE EQUIPOS Y MAQUINARIA PE,Contratista,2025,10,1,226,0,0,0,0,0,0,0,0,0,0,0,0
SUMMAR PROCESOS SAS,Contratista,2025,10,45,7769,0,0,0,1,0,0,0,0,0,0,0,0
TNS,Contratista,2025,10,5,23,0,0,0,0,0,0,0,0,0,0,0,0
TRANSFORMADORES DEL CARIBE,Contratista,2025,10,3,3,0,0,0,0,0,0,0,0,0,0,0,0
URBASER,Contratista,2025,10,6,437,0,0,0,0,0,1,0,0,0,0,0,0
MAXITEMPO,Contratista,2025,11,24,4992,0,0,0,0,0,0,0,0,0,0,0,0
ADECCO,Contratista,2025,11,1,203,0,0,0,0,0,0,0,0,0,0,0,0
AR SERCOBE,Contratista,2025,11,3,11,0,0,0,0,0,0,0,0,0,0,0,0
AUTOMATIZACION Y PESO,Contratista,2025,11,3,11,0,0,0,0,0,0,0,0,0,0,0,0
BANDAS SERVICIOS Y MANGUERAS DE LA COSTA SAS,Contratista,2025,11,4,10,0,0,0,0,0,0,0,0,0,0,0,0
BRILLASEO S.A.,Contratista,2025,11,15,2699,0,0,0,0,0,0,0,0,0,0,0,0
CLIMA FRIO RT S.A.S,Contratista,2025,11,5,50,0,0,0,0,0,0,0,0,0,0,0,0
CODIFICACION Y ETIQUETADO,Contratista,2025,11,1,2,0,0,0,0,0,0,0,0,0,0,0,0
COLPLAGAS SAS,Contratista,2025,11,2,4,0,0,0,0,0,0,0,0,0,0,0,0
COMPAÑIA DE SEGUROS BOLIVAR SA,Contratista,2025,11,2,211,0,0,0,0,0,0,0,0,0,0,0,0
ENERGIA Y MAQUINADO LTDA,Contratista,2025,11,5,27,0,0,0,0,0,0,0,0,0,0,0,0
GEINCOR,Contratista,2025,11,5,195,0,0,0,0,0,0,0,0,0,0,0,0
GEOFUTURO SAS ESP,Contratista,2025,11,5,637,0,0,0,0,0,0,0,0,0,0,0,0
GH PUENTE GRUAS,Contratista,2025,11,3,3,0,0,0,0,0,0,0,0,0,0,0,0
ITECO,Contratista,2025,11,3,21,0,0,0,0,0,0,0,0,0,0,0,0
KAESER COMPRESORES DE COLOMBIA SAS,Contratista,2025,11,2,42,0,0,0,0,0,0,0,0,0,0,0,0
MCS COLOMBIA SAS,Contratista,2025,11,2,233,0,0,0,0,0,0,0,0,0,0,0,0
NELEC A&C SAS,Contratista,2025,11,11,1424,0,0,0,0,0,0,0,0,0,0,0,0
NEWREST SERVICES COLOMBIA S.A.,Contratista,2025,11,15,1573,0,0,0,0,0,0,0,0,0,0,0,0
PREMAC,Contratista,2025,11,2,6,0,0,0,0,0,0,0,0,0,0,0,0
PROELECT SOLUCIONES INDUSTRIALES S.A,Contratista,2025,11,9,1128,0,0,0,0,0,0,0,0,0,0,0,0
QUIRONPREVENCION,Contratista,2025,11,1,224,0,0,0,0,0,0,0,0,0,0,0,0
RAMIREZ & SERNA R&S INGENIERIA S.A.S,Contratista,2025,11,5,43,0,0,0,0,0,0,0,0,0,0,0,0
RR MANTENIMIENTOS Y METALMECANICA DE LA COSTA SAS,Contratista,2025,11,12,1157,0,0,0,0,0,0,0,0,0,0,0,0
SEGURIDAD ANDINA - ANDINA DE SEGURIDAD DEL VALLE LIMITADA,Contratista,2025,11,27,4823,0,0,0,0,0,0,0,0,0,0,0,0
SERVICIO TECNICO INKJET SAS,Contratista,2025,11,2,16,0,0,0,0,0,0,0,0,0,0,0,0
SERVICIOS TECNICOS DE EQUIPOS Y MAQUINARIA PE,Contratista,2025,11,3,200,0,0,0,0,0,0,0,0,0,0,0,0
SUMMAR PROCESOS SAS,Contratista,2025,11,49,9408,0,0,0,0,0,0,0,0,0,0,0,0
TNS INGENIERIA SAS,Contratista,2025,11,5,78,0,0,0,0,0,0,0,0,0,0,0,0
